decay,sos,a,b,accuracy,log_loss,brier
0.8,False,0.08631474363090723,0.23101665921582867,0.6440548780487805,0.6275225816505595,0.21872571757997056
0.85,False,0.09268124607927863,0.23048622098292765,0.6410060975609756,0.6242353107872387,0.21739418297274735
0.9,False,0.10560336248952974,0.2307962195794165,0.6425304878048781,0.6176648684103958,0.2148822435566719
0.92,False,0.11325744574622446,0.2309075826361131,0.6463414634146342,0.614332912553721,0.2135169790053232
0.95,False,0.1261371394516806,0.22911760604382125,0.6478658536585366,0.6105322729253383,0.21185119762628402
0.98,False,0.13708053020543134,0.2228276734637319,0.6577743902439024,0.6115141494712603,0.212218600621291
1.0,False,0.1383930128663378,0.21628620754021444,0.65625,0.6170250320934432,0.21454791412157148
0.8,True,0.10193299901641571,0.23072072241550703,0.6432926829268293,0.6209951817711935,0.21634260268750277
0.85,True,0.10691746381699947,0.23123637435033223,0.6440548780487805,0.6181452980306811,0.21508733512381417
0.9,True,0.11463291342647852,0.23136632175118216,0.6387195121951219,0.6140821321166648,0.21337294193512915
0.92,True,0.11983241929013681,0.23067728692282416,0.6417682926829268,0.6119850985601846,0.2124698410648872
0.95,True,0.13012151586939474,0.22884210376003994,0.6577743902439024,0.6094712709194096,0.21134845617376324
0.98,True,0.1400120407486291,0.22288380905545477,0.6623475609756098,0.6110029347892185,0.21200658447795082
1.0,True,0.14082871602138997,0.21639374388176175,0.6600609756097561,0.6167690194984324,0.21452106617907798
